feature,tcp_median,tcp_p10,tcp_p90,udp_median,udp_p10,udp_p90,overlap_low_p10_p90,overlap_high_p10_p90,has_p10_p90_overlap,boundary_type,boundary_low,boundary_high,n_tcp_train,n_udp_train
HH_jit_L5_mean,1505913560.6246443,1505913540.1004324,1505913581.4478135,1505913449.612977,1505913429.5243373,1505913472.835133,1505913540.1004324,1505913472.835133,False,p10_p90_gap,1505913472.835133,1505913540.1004324,30600,30600
HH_jit_L3_mean,1505913560.6246443,1505913540.1004324,1505913581.4478135,1505913449.612977,1505913429.5243373,1505913472.835133,1505913540.1004324,1505913472.835133,False,p10_p90_gap,1505913472.835133,1505913540.1004324,30600,30600
HH_jit_L1_mean,1505913560.6246443,1505913540.1004324,1505913581.4478135,1505913449.612977,1505913429.5243373,1505913472.835133,1505913540.1004324,1505913472.835133,False,p10_p90_gap,1505913472.835133,1505913540.1004324,30600,30600
HH_jit_L0.1_mean,1505913560.6246443,1505913540.1004324,1505913581.4478135,1505913449.612977,1505913429.5243373,1505913472.835133,1505913540.1004324,1505913472.835133,False,p10_p90_gap,1505913472.835133,1505913540.1004324,30600,30600
HH_jit_L0.01_mean,1505913560.6246443,1505913540.1004324,1505913581.4478135,1505913449.612977,1505913429.5243373,1505913472.835133,1505913540.1004324,1505913472.835133,False,p10_p90_gap,1505913472.835133,1505913540.1004324,30600,30600
