margin_bin,n,mean_margin,mean_p_tcp,mean_p_udp
"(-0.001, 0.5]",1007,0.0017211437225341797,0.4991394281387329,0.5008605718612671
